Provincia,Differenza fra tasso di occupazione maschile e femminile
Torino,11.606862000000007
Napoli,25.097074000000003
Roma,12.923662999999998
Milano,10.360746000000006
Palermo,21.115585
